2012-03-01 00:00:05,3.69538e+09
2012-03-01 00:01:05,3.93893e+09
2012-03-01 00:02:05,4.18751e+09
2012-03-01 00:03:04,1.20553e+08
2012-03-01 00:04:05,3.41505e+08
2012-03-01 00:05:05,5.86818e+08
2012-03-01 00:06:05,8.17169e+08
2012-03-01 00:07:05,1.00899e+09
2012-03-01 00:08:05,1.28917e+09
2012-03-01 00:09:05,1.56084e+09
2012-03-01 00:10:05,1.80248e+09
2012-03-01 00:11:05,1.99635e+09
2012-03-01 00:12:05,2.20856e+09
2012-03-01 00:13:05,2.42822e+09
2012-03-01 00:14:05,2.61255e+09
2012-03-01 00:15:05,2.80778e+09
2012-03-01 00:16:05,2.98158e+09
2012-03-01 00:17:05,3.10658e+09
2012-03-01 00:18:04,3.25875e+09
2012-03-01 00:19:05,3.40709e+09
2012-03-01 00:20:05,3.55111e+09
2012-03-01 00:21:05,3.74114e+09
2012-03-01 00:22:05,3.89164e+09
2012-03-01 00:23:05,4.05095e+09
2012-03-01 00:24:04,4.22442e+09
2012-03-01 00:25:04,9.37849e+07
2012-03-01 00:26:05,2.38489e+08
2012-03-01 00:27:04,3.96738e+08
2012-03-01 00:28:04,5.53477e+08
2012-03-01 00:29:05,7.35754e+08
2012-03-01 00:30:04,8.85174e+08
2012-03-01 00:31:04,1.05924e+09
2012-03-01 00:32:05,1.19584e+09
2012-03-01 00:33:05,1.35768e+09
2012-03-01 00:34:05,1.53527e+09
2012-03-01 00:35:05,1.70304e+09
2012-03-01 00:36:05,1.84137e+09
2012-03-01 00:37:05,1.95578e+09
2012-03-01 00:38:04,2.09593e+09
2012-03-01 00:39:05,2.22779e+09
2012-03-01 00:40:05,2.36331e+09
2012-03-01 00:41:05,2.49004e+09
2012-03-01 00:42:05,2.65212e+09
2012-03-01 00:43:05,2.81541e+09
2012-03-01 00:44:04,2.96367e+09
2012-03-01 00:45:05,3.10734e+09
2012-03-01 00:46:06,3.24181e+09
2012-03-01 00:47:04,3.34833e+09
2012-03-01 00:48:05,3.467e+09
2012-03-01 00:49:05,3.5953e+09
2012-03-01 00:50:05,3.73464e+09
2012-03-01 00:51:05,3.88235e+09
2012-03-01 00:52:04,3.99362e+09
2012-03-01 00:53:04,4.11786e+09
2012-03-01 00:54:04,4.26036e+09
2012-03-01 00:55:05,1.44551e+08
2012-03-01 00:56:05,2.66203e+08
2012-03-01 00:57:05,4.12403e+08
2012-03-01 00:58:05,5.69087e+08
2012-03-01 00:59:05,7.34392e+08
2012-03-01 01:00:04,8.22654e+08
2012-03-01 01:01:05,9.23348e+08
2012-03-01 01:02:05,1.03472e+09
2012-03-01 01:03:05,1.12782e+09
2012-03-01 01:04:05,1.23352e+09
2012-03-01 01:05:05,1.31895e+09
2012-03-01 01:06:05,1.38814e+09
2012-03-01 01:07:05,1.50279e+09
2012-03-01 01:08:05,1.59476e+09
2012-03-01 01:09:04,1.7133e+09
2012-03-01 01:10:05,1.81549e+09
2012-03-01 01:11:05,1.9657e+09
2012-03-01 01:12:05,2.03454e+09
2012-03-01 01:13:04,2.13187e+09
2012-03-01 01:14:05,2.21854e+09
2012-03-01 01:15:05,2.30936e+09
2012-03-01 01:16:05,2.37684e+09
2012-03-01 01:17:04,2.4696e+09
2012-03-01 01:18:05,2.57148e+09
2012-03-01 01:19:05,2.67428e+09
2012-03-01 01:20:05,2.77786e+09
2012-03-01 01:21:05,2.84942e+09
2012-03-01 01:22:04,2.91888e+09
2012-03-01 01:23:05,3.01265e+09
2012-03-01 01:24:04,3.11358e+09
2012-03-01 01:25:04,3.19186e+09
2012-03-01 01:26:04,3.26264e+09
2012-03-01 01:27:04,3.36342e+09
2012-03-01 01:28:05,3.46088e+09
2012-03-01 01:29:04,3.57033e+09
2012-03-01 01:30:05,3.69469e+09
2012-03-01 01:31:05,3.79244e+09
2012-03-01 01:32:05,3.86057e+09
2012-03-01 01:33:05,3.94386e+09
2012-03-01 01:34:04,4.00637e+09
2012-03-01 01:35:06,4.08568e+09
2012-03-01 01:36:04,4.16913e+09
2012-03-01 01:37:04,4.23083e+09
2012-03-01 01:38:05,4.28968e+09
2012-03-01 01:39:04,6.36093e+07
2012-03-01 01:40:04,1.23579e+08
2012-03-01 01:41:04,2.01468e+08
2012-03-01 01:42:04,2.80953e+08
2012-03-01 01:43:05,3.59957e+08
2012-03-01 01:44:05,4.45304e+08
2012-03-01 01:45:05,5.57546e+08
2012-03-01 01:46:05,6.27553e+08
2012-03-01 01:47:05,6.92873e+08
2012-03-01 01:48:05,7.82229e+08
2012-03-01 01:49:04,8.44232e+08
2012-03-01 01:50:05,9.1952e+08
2012-03-01 01:51:05,9.98427e+08
2012-03-01 01:52:05,1.08718e+09
2012-03-01 01:53:04,1.19213e+09
2012-03-01 01:54:05,1.28089e+09
2012-03-01 01:55:05,1.33554e+09
2012-03-01 01:56:05,1.3787e+09
2012-03-01 01:57:05,1.45496e+09
2012-03-01 01:58:05,1.51684e+09
2012-03-01 01:59:05,1.60999e+09
2012-03-01 02:00:05,1.66704e+09
2012-03-01 02:01:05,1.73403e+09
2012-03-01 02:02:05,1.80388e+09
2012-03-01 02:03:04,1.85696e+09
2012-03-01 02:04:05,1.91635e+09
2012-03-01 02:05:05,1.97946e+09
2012-03-01 02:06:05,2.01831e+09
2012-03-01 02:07:04,2.07353e+09
2012-03-01 02:08:05,2.14576e+09
2012-03-01 02:09:05,2.20197e+09
2012-03-01 02:10:05,2.25505e+09
2012-03-01 02:11:05,2.28402e+09
2012-03-01 02:12:04,2.33275e+09
2012-03-01 02:13:05,2.39819e+09
2012-03-01 02:14:04,2.44974e+09
2012-03-01 02:15:05,2.48633e+09
2012-03-01 02:16:04,2.53428e+09
2012-03-01 02:17:05,2.57955e+09
2012-03-01 02:18:05,2.63522e+09
2012-03-01 02:19:05,2.67611e+09
2012-03-01 02:20:04,2.72962e+09
2012-03-01 02:21:05,2.77702e+09
2012-03-01 02:22:05,2.82542e+09
2012-03-01 02:23:05,2.88709e+09
2012-03-01 02:24:05,2.94056e+09
2012-03-01 02:25:04,3.00139e+09
2012-03-01 02:26:05,3.03919e+09
2012-03-01 02:27:05,3.08761e+09
2012-03-01 02:28:05,3.12813e+09
2012-03-01 02:29:05,3.1856e+09
2012-03-01 02:30:05,3.24568e+09
2012-03-01 02:31:05,3.28953e+09
2012-03-01 02:32:05,3.33195e+09
2012-03-01 02:33:04,3.38461e+09
2012-03-01 02:34:05,3.41423e+09
2012-03-01 02:35:05,3.44479e+09
2012-03-01 02:36:05,3.48505e+09
2012-03-01 02:37:05,3.51518e+09
2012-03-01 02:38:06,3.56363e+09
2012-03-01 02:39:05,3.59907e+09
2012-03-01 02:40:05,3.63748e+09
2012-03-01 02:41:05,3.68443e+09
2012-03-01 02:42:05,3.72264e+09
2012-03-01 02:43:04,3.76702e+09
2012-03-01 02:44:04,3.81485e+09
2012-03-01 02:45:05,3.85395e+09
2012-03-01 02:46:05,3.893e+09
2012-03-01 02:47:04,3.93776e+09
2012-03-01 02:48:05,3.98365e+09
2012-03-01 02:49:05,4.02452e+09
2012-03-01 02:50:04,4.06545e+09
2012-03-01 02:51:05,4.12096e+09
2012-03-01 02:52:05,4.16267e+09
2012-03-01 02:53:05,4.20896e+09
2012-03-01 02:54:05,4.26319e+09
2012-03-01 02:55:05,1.43349e+07
2012-03-01 02:56:05,5.74925e+07
2012-03-01 02:57:05,1.14254e+08
2012-03-01 02:58:05,1.51476e+08
2012-03-01 02:59:05,1.75221e+08
2012-03-01 03:00:05,1.99233e+08
2012-03-01 03:01:05,2.33454e+08
2012-03-01 03:02:04,2.68617e+08
2012-03-01 03:03:05,3.29937e+08
2012-03-01 03:04:05,3.68402e+08
2012-03-01 03:05:05,4.02981e+08
2012-03-01 03:06:05,4.37834e+08
2012-03-01 03:07:05,4.68727e+08
2012-03-01 03:08:05,5.16715e+08
2012-03-01 03:09:05,5.52911e+08
2012-03-01 03:10:04,5.92203e+08
2012-03-01 03:11:05,6.32863e+08
2012-03-01 03:12:04,6.68466e+08
2012-03-01 03:13:05,7.27243e+08
2012-03-01 03:14:05,7.68922e+08
2012-03-01 03:15:04,8.30831e+08
2012-03-01 03:16:05,8.81541e+08
2012-03-01 03:17:04,9.12719e+08
2012-03-01 03:18:04,9.56412e+08
2012-03-01 03:19:05,9.94294e+08
2012-03-01 03:20:05,1.04168e+09
2012-03-01 03:21:05,1.07861e+09
2012-03-01 03:22:04,1.11657e+09
2012-03-01 03:23:05,1.17934e+09
2012-03-01 03:24:05,1.2287e+09
2012-03-01 03:25:04,1.26994e+09
2012-03-01 03:26:05,1.30428e+09
2012-03-01 03:27:05,1.34015e+09
2012-03-01 03:28:04,1.38825e+09
2012-03-01 03:29:05,1.41859e+09
2012-03-01 03:30:04,1.4593e+09
2012-03-01 03:31:04,1.49133e+09
2012-03-01 03:32:05,1.54818e+09
2012-03-01 03:33:05,1.608e+09
2012-03-01 03:34:05,1.63828e+09
2012-03-01 03:35:05,1.68111e+09
2012-03-01 03:36:05,1.71479e+09
2012-03-01 03:37:05,1.74323e+09
2012-03-01 03:38:04,1.80183e+09
2012-03-01 03:39:04,1.84626e+09
2012-03-01 03:40:05,1.90629e+09
2012-03-01 03:41:05,1.94e+09
2012-03-01 03:42:05,1.98658e+09
2012-03-01 03:43:04,2.03142e+09
2012-03-01 03:44:04,2.07224e+09
2012-03-01 03:45:05,2.11623e+09
2012-03-01 03:46:05,2.13487e+09
2012-03-01 03:47:04,2.17492e+09
2012-03-01 03:48:05,2.23975e+09
2012-03-01 03:49:05,2.29438e+09
2012-03-01 03:50:04,2.33427e+09
2012-03-01 03:51:04,2.37567e+09
2012-03-01 03:52:05,2.42764e+09
2012-03-01 03:53:05,2.46232e+09
2012-03-01 03:54:05,2.50992e+09
2012-03-01 03:55:04,2.54501e+09
2012-03-01 03:56:05,2.57512e+09
2012-03-01 03:57:05,2.60114e+09
2012-03-01 03:58:05,2.64987e+09
2012-03-01 03:59:04,2.68299e+09
2012-03-01 04:00:05,2.71508e+09
2012-03-01 04:01:05,2.75876e+09
2012-03-01 04:02:05,2.81238e+09
2012-03-01 04:03:04,2.88917e+09
2012-03-01 04:04:04,2.92767e+09
2012-03-01 04:05:05,2.96519e+09
2012-03-01 04:06:04,3.00105e+09
2012-03-01 04:07:05,3.03518e+09
2012-03-01 04:08:04,3.07768e+09
2012-03-01 04:09:05,3.12545e+09
2012-03-01 04:10:05,3.17036e+09
2012-03-01 04:11:05,3.19703e+09
2012-03-01 04:12:04,3.22891e+09
2012-03-01 04:13:04,3.27564e+09
2012-03-01 04:14:05,3.33416e+09
2012-03-01 04:15:05,3.37116e+09
2012-03-01 04:16:05,3.39893e+09
2012-03-01 04:17:05,3.43916e+09
2012-03-01 04:18:05,3.48879e+09
2012-03-01 04:19:05,3.53463e+09
2012-03-01 04:20:05,3.57447e+09
2012-03-01 04:21:04,3.6047e+09
2012-03-01 04:22:05,3.63716e+09
2012-03-01 04:23:04,3.67594e+09
2012-03-01 04:24:06,3.72359e+09
2012-03-01 04:25:04,3.76927e+09
2012-03-01 04:26:04,3.8205e+09
2012-03-01 04:27:05,3.84969e+09
2012-03-01 04:28:05,3.90726e+09
2012-03-01 04:29:05,3.94237e+09
2012-03-01 04:30:05,3.97567e+09
2012-03-01 04:31:04,4.0041e+09
2012-03-01 04:32:05,4.04306e+09
2012-03-01 04:33:04,4.10952e+09
2012-03-01 04:34:04,4.16138e+09
2012-03-01 04:35:05,4.21019e+09
2012-03-01 04:36:04,4.24461e+09
2012-03-01 04:37:05,4.28211e+09
2012-03-01 04:38:05,3.69083e+07
2012-03-01 04:39:05,8.3416e+07
2012-03-01 04:40:04,1.16946e+08
2012-03-01 04:41:05,1.44182e+08
2012-03-01 04:42:04,1.72288e+08
2012-03-01 04:43:05,2.18318e+08
2012-03-01 04:44:05,2.56454e+08
2012-03-01 04:45:05,2.932e+08
2012-03-01 04:46:05,3.31094e+08
2012-03-01 04:47:05,3.63372e+08
2012-03-01 04:48:04,4.03653e+08
2012-03-01 04:49:05,4.39719e+08
2012-03-01 04:50:04,4.69643e+08
2012-03-01 04:51:05,4.92337e+08
2012-03-01 04:52:05,5.26531e+08
2012-03-01 04:53:04,5.58268e+08
2012-03-01 04:54:04,5.88948e+08
2012-03-01 04:55:05,6.13668e+08
2012-03-01 04:56:04,6.42289e+08
2012-03-01 04:57:05,6.58082e+08
2012-03-01 04:58:05,6.94044e+08
2012-03-01 04:59:05,7.23769e+08
2012-03-01 05:00:04,7.44459e+08
2012-03-01 05:01:05,7.70912e+08
2012-03-01 05:02:05,7.96912e+08
2012-03-01 05:03:05,8.3427e+08
2012-03-01 05:04:05,8.60778e+08
2012-03-01 05:05:05,8.90065e+08
2012-03-01 05:06:05,9.16501e+08
2012-03-01 05:07:04,9.51347e+08
2012-03-01 05:08:05,9.89074e+08
2012-03-01 05:09:05,1.03377e+09
2012-03-01 05:10:04,1.06385e+09
2012-03-01 05:11:05,1.08596e+09
2012-03-01 05:12:04,1.11122e+09
2012-03-01 05:13:05,1.14521e+09
2012-03-01 05:14:05,1.17895e+09
2012-03-01 05:15:05,1.21736e+09
2012-03-01 05:16:04,1.24298e+09
2012-03-01 05:17:05,1.27279e+09
2012-03-01 05:18:05,1.30906e+09
2012-03-01 05:19:04,1.33956e+09
2012-03-01 05:20:05,1.36414e+09
2012-03-01 05:21:05,1.39247e+09
2012-03-01 05:22:05,1.41892e+09
2012-03-01 05:23:05,1.46525e+09
2012-03-01 05:24:04,1.48661e+09
2012-03-01 05:25:05,1.51833e+09
2012-03-01 05:26:04,1.53997e+09
2012-03-01 05:27:05,1.55884e+09
2012-03-01 05:28:05,1.6131e+09
2012-03-01 05:29:05,1.66888e+09
2012-03-01 05:30:05,1.70469e+09
2012-03-01 05:31:05,1.7619e+09
2012-03-01 05:32:05,1.80332e+09
2012-03-01 05:33:05,1.85181e+09
2012-03-01 05:34:05,1.89411e+09
2012-03-01 05:35:05,1.92803e+09
2012-03-01 05:36:05,1.96495e+09
2012-03-01 05:37:05,2.00132e+09
2012-03-01 05:38:04,2.04402e+09
2012-03-01 05:39:05,2.0879e+09
2012-03-01 05:40:05,2.13951e+09
2012-03-01 05:41:05,2.17114e+09
2012-03-01 05:42:06,2.20439e+09
2012-03-01 05:43:05,2.26046e+09
2012-03-01 05:44:05,2.29994e+09
2012-03-01 05:45:04,2.33719e+09
2012-03-01 05:46:05,2.35834e+09
2012-03-01 05:47:05,2.37996e+09
2012-03-01 05:48:05,2.41871e+09
2012-03-01 05:49:04,2.4511e+09
2012-03-01 05:50:05,2.49117e+09
2012-03-01 05:51:05,2.51963e+09
2012-03-01 05:52:04,2.55768e+09
2012-03-01 05:53:05,2.60202e+09
2012-03-01 05:54:05,2.64975e+09
2012-03-01 05:55:05,2.68273e+09
2012-03-01 05:56:04,2.71719e+09
2012-03-01 05:57:05,2.75903e+09
2012-03-01 05:58:05,2.79728e+09
2012-03-01 05:59:05,2.84391e+09
2012-03-01 06:00:04,2.87469e+09
2012-03-01 06:01:05,2.91665e+09
2012-03-01 06:02:04,2.97183e+09
2012-03-01 06:03:04,3.03308e+09
2012-03-01 06:04:05,3.08267e+09
2012-03-01 06:05:05,3.11862e+09
2012-03-01 06:06:05,3.15709e+09
2012-03-01 06:07:05,3.19049e+09
2012-03-01 06:08:04,3.2258e+09
2012-03-01 06:09:05,3.26574e+09
2012-03-01 06:10:05,3.3056e+09
2012-03-01 06:11:05,3.34488e+09
2012-03-01 06:12:04,3.40624e+09
2012-03-01 06:13:05,3.48622e+09
2012-03-01 06:14:04,3.53178e+09
2012-03-01 06:15:05,3.58424e+09
2012-03-01 06:16:05,3.6435e+09
2012-03-01 06:17:05,3.69434e+09
2012-03-01 06:18:05,3.74694e+09
2012-03-01 06:19:04,3.80301e+09
2012-03-01 06:20:05,3.86579e+09
2012-03-01 06:21:06,3.90786e+09
2012-03-01 06:22:04,3.94777e+09
2012-03-01 06:23:05,4.00928e+09
2012-03-01 06:24:05,4.09747e+09
2012-03-01 06:25:05,4.157e+09
2012-03-01 06:26:05,4.22601e+09
2012-03-01 06:27:05,4.27118e+09
2012-03-01 06:28:05,3.14597e+07
2012-03-01 06:29:04,9.34187e+07
2012-03-01 06:30:05,1.49275e+08
2012-03-01 06:31:04,2.0204e+08
2012-03-01 06:32:05,2.75598e+08
2012-03-01 06:33:06,3.46669e+08
2012-03-01 06:34:04,4.27223e+08
2012-03-01 06:35:05,5.04771e+08
2012-03-01 06:36:05,5.93448e+08
2012-03-01 06:37:04,6.44561e+08
2012-03-01 06:38:05,7.21063e+08
2012-03-01 06:39:05,7.69709e+08
2012-03-01 06:40:05,8.22638e+08
2012-03-01 06:41:05,8.93491e+08
2012-03-01 06:42:05,9.53121e+08
2012-03-01 06:43:04,1.02136e+09
2012-03-01 06:44:04,1.07645e+09
2012-03-01 06:45:05,1.15088e+09
2012-03-01 06:46:04,1.23616e+09
2012-03-01 06:47:05,1.29965e+09
2012-03-01 06:48:05,1.38533e+09
2012-03-01 06:49:04,1.45424e+09
2012-03-01 06:50:04,1.53013e+09
2012-03-01 06:51:05,1.59881e+09
2012-03-01 06:52:05,1.67583e+09
2012-03-01 06:53:04,1.77054e+09
2012-03-01 06:54:05,1.84921e+09
2012-03-01 06:55:04,1.94758e+09
2012-03-01 06:56:05,2.03451e+09
2012-03-01 06:57:05,2.13681e+09
2012-03-01 06:58:05,2.24259e+09
2012-03-01 06:59:04,2.32747e+09
2012-03-01 07:00:05,2.43531e+09
2012-03-01 07:01:05,2.51821e+09
2012-03-01 07:02:04,2.60856e+09
2012-03-01 07:03:05,2.69708e+09
2012-03-01 07:04:05,2.77366e+09
2012-03-01 07:05:05,2.8572e+09
2012-03-01 07:06:04,2.92966e+09
2012-03-01 07:07:05,3.01711e+09
2012-03-01 07:08:04,3.13598e+09
2012-03-01 07:09:05,3.27259e+09
2012-03-01 07:10:05,3.38726e+09
2012-03-01 07:11:05,3.48851e+09
2012-03-01 07:12:04,3.58485e+09
2012-03-01 07:13:05,3.69289e+09
2012-03-01 07:14:04,3.81452e+09
2012-03-01 07:15:05,3.9623e+09
2012-03-01 07:16:05,4.04866e+09
2012-03-01 07:17:05,4.14321e+09
2012-03-01 07:18:04,4.27008e+09
2012-03-01 07:19:05,8.90627e+07
2012-03-01 07:20:04,2.15662e+08
2012-03-01 07:21:05,3.31544e+08
2012-03-01 07:22:05,4.31833e+08
2012-03-01 07:23:05,5.78096e+08
2012-03-01 07:24:05,7.19189e+08
2012-03-01 07:25:05,8.2863e+08
2012-03-01 07:26:04,9.36534e+08
2012-03-01 07:27:05,1.03024e+09
2012-03-01 07:28:05,1.17516e+09
2012-03-01 07:29:05,1.27432e+09
2012-03-01 07:30:05,1.40509e+09
2012-03-01 07:31:05,1.55729e+09
2012-03-01 07:32:05,1.69344e+09
2012-03-01 07:33:05,1.80979e+09
2012-03-01 07:34:05,1.93157e+09
2012-03-01 07:35:05,2.08988e+09
2012-03-01 07:36:04,2.22773e+09
2012-03-01 07:37:04,2.34312e+09
2012-03-01 07:38:05,2.48026e+09
2012-03-01 07:39:04,2.61512e+09
2012-03-01 07:40:05,2.78122e+09
2012-03-01 07:41:04,2.94513e+09
2012-03-01 07:42:05,3.09544e+09
2012-03-01 07:43:05,3.25042e+09
2012-03-01 07:44:05,3.39557e+09
2012-03-01 07:45:04,3.55021e+09
2012-03-01 07:46:04,3.71112e+09
2012-03-01 07:47:04,3.84131e+09
2012-03-01 07:48:04,4.04243e+09
2012-03-01 07:49:04,4.20992e+09
2012-03-01 07:50:05,5.28785e+07
2012-03-01 07:51:05,2.33388e+08
2012-03-01 07:52:05,4.15532e+08
2012-03-01 07:53:05,6.32776e+08
2012-03-01 07:54:05,8.05769e+08
2012-03-01 07:55:04,1.01679e+09
2012-03-01 07:56:05,1.22637e+09
2012-03-01 07:57:04,1.43906e+09
2012-03-01 07:58:05,1.64506e+09
2012-03-01 07:59:05,1.81929e+09
2012-03-01 08:00:05,2.02026e+09
2012-03-01 08:01:05,2.17679e+09
2012-03-01 08:02:05,2.39298e+09
2012-03-01 08:03:05,2.57468e+09
2012-03-01 08:04:05,2.79244e+09
2012-03-01 08:05:04,2.98474e+09
2012-03-01 08:06:04,3.17712e+09
2012-03-01 08:07:05,3.36741e+09
2012-03-01 08:08:05,3.59771e+09
2012-03-01 08:09:05,3.80994e+09
2012-03-01 08:10:04,4.03319e+09
2012-03-01 08:11:04,4.23396e+09
2012-03-01 08:12:04,1.5833e+08
2012-03-01 08:13:05,3.53475e+08
2012-03-01 08:14:05,5.85272e+08
2012-03-01 08:15:04,8.3785e+08
2012-03-01 08:16:04,1.10002e+09
2012-03-01 08:17:05,1.33104e+09
2012-03-01 08:18:05,1.53984e+09
2012-03-01 08:19:05,1.75572e+09
2012-03-01 08:20:05,2.01142e+09
2012-03-01 08:21:05,2.28761e+09
2012-03-01 08:22:05,2.52298e+09
2012-03-01 08:23:04,2.77389e+09
2012-03-01 08:24:05,3.00493e+09
2012-03-01 08:25:05,3.22628e+09
2012-03-01 08:26:05,3.44349e+09
2012-03-01 08:27:05,3.70725e+09
2012-03-01 08:28:04,3.95972e+09
2012-03-01 08:29:04,4.21231e+09
2012-03-01 08:30:05,1.73253e+08
2012-03-01 08:31:05,4.26299e+08
2012-03-01 08:32:05,6.82296e+08
2012-03-01 08:33:04,9.61026e+08
2012-03-01 08:34:05,1.34446e+09
2012-03-01 08:35:05,1.63468e+09
2012-03-01 08:36:04,1.94539e+09
2012-03-01 08:37:05,2.20152e+09
2012-03-01 08:38:04,2.48852e+09
2012-03-01 08:39:05,2.77148e+09
2012-03-01 08:40:05,3.05614e+09
2012-03-01 08:41:05,3.31038e+09
2012-03-01 08:42:05,3.56286e+09
2012-03-01 08:43:05,3.88654e+09
2012-03-01 08:44:05,4.21975e+09
2012-03-01 08:45:05,2.06151e+08
2012-03-01 08:46:05,4.75566e+08
2012-03-01 08:47:05,8.0714e+08
2012-03-01 08:48:04,1.13116e+09
2012-03-01 08:49:05,1.44278e+09
2012-03-01 08:50:05,1.79387e+09
2012-03-01 08:51:05,2.1435e+09
2012-03-01 08:52:05,2.44874e+09
2012-03-01 08:53:05,2.81262e+09
2012-03-01 08:54:04,3.09303e+09
2012-03-01 08:55:05,3.46487e+09
2012-03-01 08:56:04,3.88162e+09
2012-03-01 08:57:05,1.84499e+08
2012-03-01 08:58:04,7.57741e+08
2012-03-01 08:59:04,1.36971e+09
2012-03-01 09:00:05,1.99021e+09
2012-03-01 09:01:05,2.5393e+09
2012-03-01 09:02:05,3.07968e+09
2012-03-01 09:03:04,3.63855e+09
2012-03-01 09:04:05,4.02393e+09
2012-03-01 09:05:05,4.28742e+09
2012-03-01 09:06:05,3.40426e+08
2012-03-01 09:07:05,6.37023e+08
2012-03-01 09:08:05,9.62148e+08
2012-03-01 09:09:05,1.28794e+09
2012-03-01 09:10:05,1.66363e+09
2012-03-01 09:11:04,2.03157e+09
2012-03-01 09:12:05,2.42748e+09
2012-03-01 09:13:05,2.80652e+09
2012-03-01 09:14:05,3.21512e+09
2012-03-01 09:15:05,3.62738e+09
2012-03-01 09:16:05,4.00006e+09
2012-03-01 09:17:04,1.00056e+08
2012-03-01 09:18:05,4.93045e+08
2012-03-01 09:19:05,8.81132e+08
2012-03-01 09:20:04,1.24971e+09
2012-03-01 09:21:05,1.6546e+09
2012-03-01 09:22:05,2.04563e+09
2012-03-01 09:23:05,2.45949e+09
2012-03-01 09:24:05,2.89889e+09
2012-03-01 09:25:04,3.31814e+09
2012-03-01 09:26:05,3.78033e+09
2012-03-01 09:27:05,4.23985e+09
2012-03-01 09:28:05,3.33416e+08
2012-03-01 09:29:04,7.77559e+08
2012-03-01 09:30:05,1.2701e+09
2012-03-01 09:31:05,1.67965e+09
2012-03-01 09:32:05,2.109e+09
2012-03-01 09:33:04,2.53075e+09
2012-03-01 09:34:05,2.95032e+09
2012-03-01 09:35:04,3.38343e+09
2012-03-01 09:36:05,3.85683e+09
2012-03-01 09:37:05,4.28402e+09
2012-03-01 09:38:05,4.26461e+08
2012-03-01 09:39:05,8.61751e+08
2012-03-01 09:40:05,1.32991e+09
2012-03-01 09:41:05,1.86059e+09
2012-03-01 09:42:04,2.33649e+09
2012-03-01 09:43:05,2.78139e+09
2012-03-01 09:44:04,3.36111e+09
2012-03-01 09:45:05,3.8659e+09
2012-03-01 09:46:05,1.14629e+08
2012-03-01 09:47:04,5.79139e+08
2012-03-01 09:48:05,1.10495e+09
2012-03-01 09:49:05,1.56381e+09
2012-03-01 09:50:05,2.04507e+09
2012-03-01 09:51:05,2.57471e+09
2012-03-01 09:52:05,3.05476e+09
2012-03-01 09:53:05,3.53644e+09
2012-03-01 09:54:04,4.05629e+09
2012-03-01 09:55:05,2.19764e+08
2012-03-01 09:56:04,7.32269e+08
2012-03-01 09:57:05,1.23551e+09
2012-03-01 09:58:04,1.73941e+09
2012-03-01 09:59:05,2.22916e+09
2012-03-01 10:00:05,2.78843e+09
2012-03-01 10:01:05,3.35137e+09
2012-03-01 10:02:05,3.84417e+09
2012-03-01 10:03:05,7.83995e+06
2012-03-01 10:04:05,4.68523e+08
2012-03-01 10:05:04,9.50949e+08
2012-03-01 10:06:05,1.40956e+09
2012-03-01 10:07:04,1.9157e+09
2012-03-01 10:08:06,2.40629e+09
2012-03-01 10:09:04,2.92148e+09
2012-03-01 10:10:04,3.47647e+09
2012-03-01 10:11:05,3.99102e+09
2012-03-01 10:12:05,2.33187e+08
2012-03-01 10:13:05,6.91853e+08
2012-03-01 10:14:05,1.2286e+09
2012-03-01 10:15:05,1.79796e+09
2012-03-01 10:16:05,2.35995e+09
2012-03-01 10:17:05,2.90977e+09
2012-03-01 10:18:05,3.43485e+09
2012-03-01 10:19:04,3.9435e+09
2012-03-01 10:20:05,1.70249e+08
2012-03-01 10:21:05,6.57754e+08
2012-03-01 10:22:04,1.16474e+09
2012-03-01 10:23:05,1.75603e+09
2012-03-01 10:24:04,2.26745e+09
2012-03-01 10:25:05,2.84663e+09
2012-03-01 10:26:05,3.36742e+09
2012-03-01 10:27:05,3.90389e+09
2012-03-01 10:28:05,1.23843e+08
2012-03-01 10:29:05,6.20618e+08
2012-03-01 10:30:05,1.22126e+09
2012-03-01 10:31:05,1.82359e+09
2012-03-01 10:32:05,2.42241e+09
2012-03-01 10:33:05,2.99998e+09
2012-03-01 10:34:05,3.62617e+09
2012-03-01 10:35:04,4.19088e+09
2012-03-01 10:36:05,4.45669e+08
2012-03-01 10:37:05,1.02713e+09
2012-03-01 10:38:05,1.5556e+09
2012-03-01 10:39:05,2.14742e+09
2012-03-01 10:40:05,2.78475e+09
2012-03-01 10:41:04,3.32253e+09
2012-03-01 10:42:05,3.91845e+09
2012-03-01 10:43:05,2.10745e+08
2012-03-01 10:44:05,7.54014e+08
2012-03-01 10:45:05,1.31267e+09
2012-03-01 10:46:05,1.93323e+09
2012-03-01 10:47:05,2.55632e+09
2012-03-01 10:48:04,3.14078e+09
2012-03-01 10:49:05,3.73898e+09
2012-03-01 10:50:05,4.45117e+07
2012-03-01 10:51:05,6.81943e+08
2012-03-01 10:52:06,1.20962e+09
2012-03-01 10:53:04,1.7857e+09
2012-03-01 10:54:04,2.32179e+09
2012-03-01 10:55:05,2.94713e+09
2012-03-01 10:56:04,3.45848e+09
2012-03-01 10:57:05,3.99359e+09
2012-03-01 10:58:04,2.85254e+08
2012-03-01 10:59:05,8.59559e+08
2012-03-01 11:00:05,1.44471e+09
2012-03-01 11:01:05,1.98752e+09
2012-03-01 11:02:05,2.61916e+09
2012-03-01 11:03:04,3.1722e+09
2012-03-01 11:04:04,3.77074e+09
2012-03-01 11:05:05,8.17506e+07
2012-03-01 11:06:05,5.70741e+08
2012-03-01 11:07:04,1.1527e+09
2012-03-01 11:08:06,1.75194e+09
2012-03-01 11:09:04,2.34866e+09
2012-03-01 11:10:05,2.96795e+09
2012-03-01 11:11:05,3.52838e+09
2012-03-01 11:12:05,4.14206e+09
2012-03-01 11:13:05,3.68725e+08
2012-03-01 11:14:05,9.23977e+08
2012-03-01 11:15:05,1.57257e+09
2012-03-01 11:16:05,2.13879e+09
2012-03-01 11:17:05,2.85051e+09
2012-03-01 11:18:05,3.48418e+09
2012-03-01 11:19:05,4.13852e+09
2012-03-01 11:20:04,5.12127e+08
2012-03-01 11:21:04,1.13226e+09
2012-03-01 11:22:05,1.81548e+09
2012-03-01 11:23:04,2.44641e+09
2012-03-01 11:24:05,2.99422e+09
2012-03-01 11:25:05,3.60507e+09
2012-03-01 11:26:05,4.23489e+09
2012-03-01 11:27:05,5.48055e+08
2012-03-01 11:28:04,1.13998e+09
2012-03-01 11:29:05,1.79863e+09
2012-03-01 11:30:05,2.39773e+09
2012-03-01 11:31:05,2.9954e+09
2012-03-01 11:32:04,3.59241e+09
2012-03-01 11:33:05,4.27643e+09
2012-03-01 11:34:05,5.78352e+08
2012-03-01 11:35:04,1.18303e+09
2012-03-01 11:36:05,1.79485e+09
2012-03-01 11:37:05,2.43383e+09
2012-03-01 11:38:05,3.11156e+09
2012-03-01 11:39:05,3.7467e+09
2012-03-01 11:40:04,8.54745e+07
2012-03-01 11:41:05,7.16527e+08
2012-03-01 11:42:05,1.35616e+09
2012-03-01 11:43:05,2.00993e+09
2012-03-01 11:44:04,2.66797e+09
2012-03-01 11:45:05,3.36428e+09
2012-03-01 11:46:04,4.10514e+09
2012-03-01 11:47:04,4.50831e+08
2012-03-01 11:48:05,1.11814e+09
2012-03-01 11:49:04,1.77435e+09
2012-03-01 11:50:05,2.48036e+09
2012-03-01 11:51:05,3.18743e+09
2012-03-01 11:52:05,3.79791e+09
2012-03-01 11:53:04,1.50036e+08
2012-03-01 11:54:04,7.87118e+08
2012-03-01 11:55:05,1.40175e+09
2012-03-01 11:56:05,2.04074e+09
2012-03-01 11:57:05,2.69902e+09
2012-03-01 11:58:05,3.36877e+09
2012-03-01 11:59:05,4.09564e+09
2012-03-01 12:00:05,5.04568e+08
2012-03-01 12:01:05,1.18056e+09
2012-03-01 12:02:05,1.84143e+09
2012-03-01 12:03:05,2.47414e+09
2012-03-01 12:04:04,3.08527e+09
2012-03-01 12:05:05,3.77483e+09
2012-03-01 12:06:04,9.92464e+07
2012-03-01 12:07:05,7.16238e+08
2012-03-01 12:08:04,1.36936e+09
2012-03-01 12:09:05,2.04462e+09
2012-03-01 12:10:04,2.73152e+09
2012-03-01 12:11:05,3.3876e+09
2012-03-01 12:12:04,4.066e+09
2012-03-01 12:13:05,5.01081e+08
2012-03-01 12:14:04,1.19593e+09
2012-03-01 12:15:05,1.97217e+09
2012-03-01 12:16:05,2.65271e+09
2012-03-01 12:17:05,3.32456e+09
2012-03-01 12:18:04,3.99764e+09
2012-03-01 12:19:05,4.81027e+08
2012-03-01 12:20:05,1.17408e+09
2012-03-01 12:21:05,1.96169e+09
2012-03-01 12:22:05,2.68573e+09
2012-03-01 12:23:05,3.55111e+09
2012-03-01 12:24:05,4.28693e+09
2012-03-01 12:25:04,7.18168e+08
2012-03-01 12:26:05,1.50847e+09
2012-03-01 12:27:05,2.24585e+09
2012-03-01 12:28:05,3.04072e+09
2012-03-01 12:29:04,3.74019e+09
2012-03-01 12:30:05,3.1329e+08
2012-03-01 12:31:05,1.05224e+09
2012-03-01 12:32:05,1.7905e+09
2012-03-01 12:33:05,2.51988e+09
2012-03-01 12:34:06,3.44352e+09
2012-03-01 12:35:04,4.26143e+09
2012-03-01 12:36:05,8.42319e+08
2012-03-01 12:37:04,1.65468e+09
2012-03-01 12:38:05,2.56374e+09
2012-03-01 12:39:05,3.37662e+09
2012-03-01 12:40:04,4.21849e+09
2012-03-01 12:41:04,7.62488e+08
2012-03-01 12:42:05,1.63105e+09
2012-03-01 12:43:04,2.47667e+09
2012-03-01 12:44:04,3.45979e+09
2012-03-01 12:45:04,7.21769e+07
2012-03-01 12:46:05,1.07478e+09
2012-03-01 12:47:06,2.00099e+09
2012-03-01 12:48:04,2.83098e+09
2012-03-01 12:49:05,3.80842e+09
2012-03-01 12:50:05,3.17141e+08
2012-03-01 12:51:05,1.24724e+09
2012-03-01 12:52:05,2.1785e+09
2012-03-01 12:53:05,3.15782e+09
2012-03-01 12:54:05,4.12277e+09
2012-03-01 12:55:04,7.37386e+08
2012-03-01 12:56:05,1.64339e+09
2012-03-01 12:57:05,2.60734e+09
2012-03-01 12:58:05,3.48604e+09
2012-03-01 12:59:05,5.24495e+07
2012-03-01 13:00:05,9.8765e+08
2012-03-01 13:01:05,1.82866e+09
2012-03-01 13:02:05,2.70905e+09
2012-03-01 13:03:05,3.52011e+09
2012-03-01 13:04:04,1.07751e+08
2012-03-01 13:05:06,9.55619e+08
2012-03-01 13:06:04,1.75528e+09
2012-03-01 13:07:05,2.63643e+09
2012-03-01 13:08:05,3.52205e+09
2012-03-01 13:09:05,9.43101e+07
2012-03-01 13:10:04,9.27187e+08
2012-03-01 13:11:05,1.71867e+09
2012-03-01 13:12:04,2.51907e+09
2012-03-01 13:13:04,3.34874e+09
2012-03-01 13:14:05,4.21619e+09
2012-03-01 13:15:04,7.39498e+08
2012-03-01 13:16:05,1.58643e+09
2012-03-01 13:17:05,2.49563e+09
2012-03-01 13:18:05,3.36634e+09
2012-03-01 13:19:04,5.37117e+07
2012-03-01 13:20:05,9.44437e+08
2012-03-01 13:21:05,1.96102e+09
2012-03-01 13:22:05,2.96152e+09
2012-03-01 13:23:04,3.87618e+09
2012-03-01 13:24:05,5.81178e+08
2012-03-01 13:25:04,1.50561e+09
2012-03-01 13:26:05,2.43116e+09
2012-03-01 13:27:05,3.34837e+09
2012-03-01 13:28:05,2.66131e+07
2012-03-01 13:29:05,9.72028e+08
2012-03-01 13:30:05,1.87114e+09
2012-03-01 13:31:05,2.79015e+09
2012-03-01 13:32:05,3.73765e+09
2012-03-01 13:33:05,3.78821e+08
2012-03-01 13:34:05,1.16664e+09
2012-03-01 13:35:05,2.04457e+09
2012-03-01 13:36:05,2.88191e+09
2012-03-01 13:37:04,3.69886e+09
2012-03-01 13:38:05,2.82133e+08
2012-03-01 13:39:05,1.19049e+09
2012-03-01 13:40:05,2.09487e+09
2012-03-01 13:41:05,2.97344e+09
2012-03-01 13:42:04,3.85123e+09
2012-03-01 13:43:05,4.34145e+08
2012-03-01 13:44:05,1.39378e+09
2012-03-01 13:45:05,2.20754e+09
2012-03-01 13:46:05,2.98582e+09
2012-03-01 13:47:05,3.76998e+09
2012-03-01 13:48:05,2.67356e+08
2012-03-01 13:49:04,1.07508e+09
2012-03-01 13:50:05,1.94548e+09
2012-03-01 13:51:05,2.84329e+09
2012-03-01 13:52:04,3.65447e+09
2012-03-01 13:53:05,1.95668e+08
2012-03-01 13:54:05,1.06133e+09
2012-03-01 13:55:04,1.907e+09
2012-03-01 13:56:05,2.72276e+09
2012-03-01 13:57:04,3.50975e+09
2012-03-01 13:58:04,4.26947e+09
2012-03-01 13:59:05,8.36143e+08
2012-03-01 14:00:05,1.66497e+09
2012-03-01 14:01:05,2.36167e+09
2012-03-01 14:02:05,3.03123e+09
2012-03-01 14:03:04,3.75496e+09
2012-03-01 14:04:05,2.26371e+08
2012-03-01 14:05:05,9.70613e+08
2012-03-01 14:06:05,1.73487e+09
2012-03-01 14:07:04,2.43205e+09
2012-03-01 14:08:04,3.16652e+09
2012-03-01 14:09:04,3.91902e+09
2012-03-01 14:10:05,3.749e+08
2012-03-01 14:11:05,1.02623e+09
2012-03-01 14:12:04,1.76608e+09
2012-03-01 14:13:05,2.41842e+09
2012-03-01 14:14:05,3.13209e+09
2012-03-01 14:15:05,3.77552e+09
2012-03-01 14:16:04,2.05782e+08
2012-03-01 14:17:05,9.27124e+08
2012-03-01 14:18:04,1.6116e+09
2012-03-01 14:19:05,2.35753e+09
2012-03-01 14:20:05,3.07631e+09
2012-03-01 14:21:04,3.77723e+09
2012-03-01 14:22:05,1.61157e+08
2012-03-01 14:23:04,8.2578e+08
2012-03-01 14:24:04,1.46644e+09
2012-03-01 14:25:06,2.22922e+09
2012-03-01 14:26:04,2.93664e+09
2012-03-01 14:27:05,3.68445e+09
2012-03-01 14:28:05,4.58001e+07
2012-03-01 14:29:05,7.03368e+08
2012-03-01 14:30:05,1.39836e+09
2012-03-01 14:31:05,2.07264e+09
2012-03-01 14:32:04,2.76864e+09
2012-03-01 14:33:05,3.58556e+09
2012-03-01 14:34:05,4.26537e+09
2012-03-01 14:35:05,8.01526e+08
2012-03-01 14:36:05,1.56368e+09
2012-03-01 14:37:05,2.30021e+09
2012-03-01 14:38:05,3.05384e+09
2012-03-01 14:39:05,3.69971e+09
2012-03-01 14:40:06,1.79184e+08
2012-03-01 14:41:05,8.75058e+08
2012-03-01 14:42:04,1.54983e+09
2012-03-01 14:43:05,2.25347e+09
2012-03-01 14:44:04,2.9444e+09
2012-03-01 14:45:04,3.624e+09
2012-03-01 14:46:05,1.02772e+07
2012-03-01 14:47:05,6.97376e+08
2012-03-01 14:48:04,1.40596e+09
2012-03-01 14:49:05,2.12423e+09
2012-03-01 14:50:04,2.84972e+09
2012-03-01 14:51:04,3.54357e+09
2012-03-01 14:52:05,4.23467e+09
2012-03-01 14:53:05,6.30773e+08
2012-03-01 14:54:04,1.32794e+09
2012-03-01 14:55:05,2.03437e+09
2012-03-01 14:56:04,2.64809e+09
2012-03-01 14:57:04,3.26115e+09
2012-03-01 14:58:04,3.90023e+09
2012-03-01 14:59:05,2.53476e+08
2012-03-01 15:00:05,9.25042e+08
2012-03-01 15:01:05,1.51381e+09
2012-03-01 15:02:05,2.17376e+09
2012-03-01 15:03:04,2.7955e+09
2012-03-01 15:04:05,3.49585e+09
2012-03-01 15:05:05,4.1333e+09
2012-03-01 15:06:05,4.5081e+08
2012-03-01 15:07:04,1.29395e+09
2012-03-01 15:08:05,2.43763e+09
2012-03-01 15:09:04,3.53562e+09
2012-03-01 15:10:04,4.48133e+08
2012-03-01 15:11:05,1.61716e+09
2012-03-01 15:12:04,2.76366e+09
2012-03-01 15:13:05,3.94138e+09
2012-03-01 15:14:05,8.12423e+08
2012-03-01 15:15:05,1.85149e+09
2012-03-01 15:16:05,2.5404e+09
2012-03-01 15:17:05,3.12461e+09
2012-03-01 15:18:05,3.76868e+09
2012-03-01 15:19:05,9.09117e+07
2012-03-01 15:20:05,6.9607e+08
2012-03-01 15:21:04,1.35128e+09
2012-03-01 15:22:05,2.04525e+09
2012-03-01 15:23:04,2.59873e+09
2012-03-01 15:24:05,3.31997e+09
2012-03-01 15:25:06,4.00413e+09
2012-03-01 15:26:06,3.88071e+08
2012-03-01 15:27:04,1.07244e+09
2012-03-01 15:28:05,1.77252e+09
2012-03-01 15:29:04,2.47492e+09
2012-03-01 15:30:05,3.15023e+09
2012-03-01 15:31:04,3.84307e+09
2012-03-01 15:32:05,2.06637e+08
2012-03-01 15:33:04,8.88523e+08
2012-03-01 15:34:04,1.59011e+09
2012-03-01 15:35:05,2.39877e+09
2012-03-01 15:36:05,3.1178e+09
2012-03-01 15:37:05,3.89355e+09
2012-03-01 15:38:05,3.69431e+08
2012-03-01 15:39:05,1.08196e+09
2012-03-01 15:40:05,1.74546e+09
2012-03-01 15:41:05,2.45908e+09
2012-03-01 15:42:05,3.22829e+09
2012-03-01 15:43:04,3.97575e+09
2012-03-01 15:44:05,6.90938e+08
2012-03-01 15:45:04,1.9089e+09
2012-03-01 15:46:04,3.08035e+09
2012-03-01 15:47:04,4.27786e+09
2012-03-01 15:48:04,1.30488e+09
2012-03-01 15:49:04,2.45722e+09
2012-03-01 15:50:05,3.39873e+09
2012-03-01 15:51:05,2.91292e+08
2012-03-01 15:52:05,1.43289e+09
2012-03-01 15:53:05,2.39602e+09
2012-03-01 15:54:04,3.02811e+09
2012-03-01 15:55:05,3.66753e+09
2012-03-01 15:56:05,8.71339e+07
2012-03-01 15:57:04,7.00066e+08
2012-03-01 15:58:05,1.35213e+09
2012-03-01 15:59:05,2.12227e+09
2012-03-01 16:00:05,2.86702e+09
2012-03-01 16:01:05,3.68035e+09
2012-03-01 16:02:04,3.63686e+08
2012-03-01 16:03:05,1.39073e+09
2012-03-01 16:04:05,2.38852e+09
2012-03-01 16:05:05,3.33066e+09
2012-03-01 16:06:05,4.29294e+09
2012-03-01 16:07:05,1.03149e+09
2012-03-01 16:08:05,2.31282e+09
2012-03-01 16:09:04,3.36563e+09
2012-03-01 16:10:05,1.54884e+08
2012-03-01 16:11:05,1.30199e+09
2012-03-01 16:12:04,2.53966e+09
2012-03-01 16:13:05,3.84546e+09
2012-03-01 16:14:05,6.36953e+08
2012-03-01 16:15:04,1.95232e+09
2012-03-01 16:16:05,3.152e+09
2012-03-01 16:17:04,3.93493e+06
2012-03-01 16:18:05,1.07386e+09
2012-03-01 16:19:05,2.33632e+09
2012-03-01 16:20:05,3.4703e+09
2012-03-01 16:21:05,5.00042e+08
2012-03-01 16:22:05,1.6748e+09
2012-03-01 16:23:04,2.96625e+09
2012-03-01 16:24:04,3.93834e+09
2012-03-01 16:25:05,4.41048e+08
2012-03-01 16:26:04,1.23899e+09
2012-03-01 16:27:05,2.05928e+09
2012-03-01 16:28:05,2.94027e+09
2012-03-01 16:29:04,3.71379e+09
2012-03-01 16:30:05,1.74874e+08
2012-03-01 16:31:05,9.42658e+08
2012-03-01 16:32:05,1.70323e+09
2012-03-01 16:33:05,2.49187e+09
2012-03-01 16:34:04,3.27363e+09
2012-03-01 16:35:05,4.12477e+09
2012-03-01 16:36:05,5.97061e+08
2012-03-01 16:37:05,1.34532e+09
2012-03-01 16:38:05,2.11702e+09
2012-03-01 16:39:05,2.86225e+09
2012-03-01 16:40:04,3.63644e+09
2012-03-01 16:41:05,1.29831e+08
2012-03-01 16:42:05,9.12446e+08
2012-03-01 16:43:05,1.63814e+09
2012-03-01 16:44:05,2.43952e+09
2012-03-01 16:45:05,3.17115e+09
2012-03-01 16:46:05,3.94579e+09
2012-03-01 16:47:05,4.03882e+08
2012-03-01 16:48:04,1.1159e+09
2012-03-01 16:49:04,1.91828e+09
2012-03-01 16:50:05,2.68653e+09
2012-03-01 16:51:04,3.35421e+09
2012-03-01 16:52:05,4.11491e+09
2012-03-01 16:53:05,5.52862e+08
2012-03-01 16:54:04,1.21071e+09
2012-03-01 16:55:05,1.89872e+09
2012-03-01 16:56:04,2.68377e+09
2012-03-01 16:57:05,3.3977e+09
2012-03-01 16:58:04,4.05595e+09
2012-03-01 16:59:05,4.5732e+08
2012-03-01 17:00:05,1.18256e+09
2012-03-01 17:01:05,1.95575e+09
2012-03-01 17:02:05,2.60767e+09
2012-03-01 17:03:05,3.28506e+09
2012-03-01 17:04:05,3.95971e+09
2012-03-01 17:05:05,3.52065e+08
2012-03-01 17:06:05,1.02863e+09
2012-03-01 17:07:05,1.6796e+09
2012-03-01 17:08:05,2.38134e+09
2012-03-01 17:09:04,3.05934e+09
2012-03-01 17:10:05,3.8264e+09
2012-03-01 17:11:05,2.81316e+08
2012-03-01 17:12:05,9.77902e+08
2012-03-01 17:13:05,1.6389e+09
2012-03-01 17:14:05,2.24659e+09
2012-03-01 17:15:04,2.93322e+09
2012-03-01 17:16:05,3.54182e+09
2012-03-01 17:17:04,4.19752e+09
2012-03-01 17:18:05,5.71705e+08
2012-03-01 17:19:05,1.1865e+09
2012-03-01 17:20:05,1.8785e+09
2012-03-01 17:21:05,2.52188e+09
2012-03-01 17:22:05,3.18815e+09
2012-03-01 17:23:05,3.83878e+09
2012-03-01 17:24:04,2.46601e+08
2012-03-01 17:25:05,9.2278e+08
2012-03-01 17:26:05,1.64427e+09
2012-03-01 17:27:05,2.36843e+09
2012-03-01 17:28:04,3.05788e+09
2012-03-01 17:29:04,3.70734e+09
2012-03-01 17:30:05,1.45183e+08
2012-03-01 17:31:05,7.83149e+08
2012-03-01 17:32:04,1.44355e+09
2012-03-01 17:33:05,2.09924e+09
2012-03-01 17:34:05,2.74904e+09
2012-03-01 17:35:04,3.48723e+09
2012-03-01 17:36:04,4.1907e+09
2012-03-01 17:37:05,6.78182e+08
2012-03-01 17:38:04,1.39619e+09
2012-03-01 17:39:05,2.0646e+09
2012-03-01 17:40:05,2.6492e+09
2012-03-01 17:41:05,3.24952e+09
2012-03-01 17:42:05,3.95803e+09
2012-03-01 17:43:05,3.48916e+08
2012-03-01 17:44:05,1.01779e+09
2012-03-01 17:45:04,1.71404e+09
2012-03-01 17:46:05,2.3878e+09
2012-03-01 17:47:04,3.06489e+09
2012-03-01 17:48:05,3.80075e+09
2012-03-01 17:49:05,1.86894e+08
2012-03-01 17:50:05,9.21906e+08
2012-03-01 17:51:05,1.57858e+09
2012-03-01 17:52:05,2.28179e+09
2012-03-01 17:53:04,2.95868e+09
2012-03-01 17:54:05,3.6263e+09
2012-03-01 17:55:05,4.25564e+09
2012-03-01 17:56:05,6.63396e+08
2012-03-01 17:57:05,1.35783e+09
2012-03-01 17:58:04,2.05194e+09
2012-03-01 17:59:05,2.66733e+09
2012-03-01 18:00:05,3.30832e+09
2012-03-01 18:01:05,4.03087e+09
2012-03-01 18:02:04,4.66001e+08
2012-03-01 18:03:04,1.18942e+09
2012-03-01 18:04:04,1.89539e+09
2012-03-01 18:05:05,2.69933e+09
2012-03-01 18:06:04,3.33421e+09
2012-03-01 18:07:05,4.05748e+09
2012-03-01 18:08:05,5.52105e+08
2012-03-01 18:09:05,1.20981e+09
2012-03-01 18:10:05,1.9649e+09
2012-03-01 18:11:05,2.74667e+09
2012-03-01 18:12:05,3.48386e+09
2012-03-01 18:13:05,4.19276e+09
2012-03-01 18:14:05,6.47402e+08
2012-03-01 18:15:05,1.36569e+09
2012-03-01 18:16:04,2.07931e+09
2012-03-01 18:17:05,2.82871e+09
2012-03-01 18:18:04,3.58587e+09
2012-03-01 18:19:05,4.91494e+07
2012-03-01 18:20:05,8.59775e+08
2012-03-01 18:21:04,1.61856e+09
2012-03-01 18:22:05,2.34621e+09
2012-03-01 18:23:04,3.14094e+09
2012-03-01 18:24:05,3.96243e+09
2012-03-01 18:25:05,3.9934e+08
2012-03-01 18:26:05,1.15e+09
2012-03-01 18:27:05,1.88298e+09
2012-03-01 18:28:04,2.75311e+09
2012-03-01 18:29:04,3.57306e+09
2012-03-01 18:30:05,1.25454e+08
2012-03-01 18:31:04,9.24315e+08
2012-03-01 18:32:05,1.70873e+09
2012-03-01 18:33:05,2.56285e+09
2012-03-01 18:34:05,3.34764e+09
2012-03-01 18:35:05,4.1014e+09
2012-03-01 18:36:05,5.46412e+08
2012-03-01 18:37:05,1.37751e+09
2012-03-01 18:38:04,2.23733e+09
2012-03-01 18:39:04,3.10036e+09
2012-03-01 18:40:05,3.96448e+09
2012-03-01 18:41:04,4.86476e+08
2012-03-01 18:42:04,1.36182e+09
2012-03-01 18:43:05,2.31638e+09
2012-03-01 18:44:05,3.15349e+09
2012-03-01 18:45:05,4.01086e+09
2012-03-01 18:46:05,6.1814e+08
2012-03-01 18:47:05,1.41477e+09
2012-03-01 18:48:05,2.20005e+09
2012-03-01 18:49:04,3.03063e+09
2012-03-01 18:50:05,3.94429e+09
2012-03-01 18:51:05,5.17093e+08
2012-03-01 18:52:05,1.37626e+09
2012-03-01 18:53:04,2.2595e+09
2012-03-01 18:54:05,3.1845e+09
2012-03-01 18:55:04,4.05786e+09
2012-03-01 18:56:05,6.46414e+08
2012-03-01 18:57:05,1.6049e+09
2012-03-01 18:58:05,2.40259e+09
2012-03-01 18:59:04,3.33653e+09
2012-03-01 19:00:05,4.21898e+09
2012-03-01 19:01:05,8.10874e+08
2012-03-01 19:02:05,1.66933e+09
2012-03-01 19:03:04,2.54756e+09
2012-03-01 19:04:05,3.47216e+09
2012-03-01 19:05:05,7.17923e+07
2012-03-01 19:06:05,9.23065e+08
2012-03-01 19:07:04,1.83693e+09
2012-03-01 19:08:05,2.7858e+09
2012-03-01 19:09:04,3.68786e+09
2012-03-01 19:10:05,3.66872e+08
2012-03-01 19:11:04,1.23685e+09
2012-03-01 19:12:04,2.16133e+09
2012-03-01 19:13:05,3.03042e+09
2012-03-01 19:14:04,3.99972e+09
2012-03-01 19:15:05,7.37373e+08
2012-03-01 19:16:04,1.72803e+09
2012-03-01 19:17:06,2.67697e+09
2012-03-01 19:18:04,3.51699e+09
2012-03-01 19:19:04,1.80763e+08
2012-03-01 19:20:05,1.10943e+09
2012-03-01 19:21:05,2.1329e+09
2012-03-01 19:22:04,3.03229e+09
2012-03-01 19:23:05,3.92312e+09
2012-03-01 19:24:04,6.14557e+08
2012-03-01 19:25:05,1.56466e+09
2012-03-01 19:26:04,2.41419e+09
2012-03-01 19:27:05,3.32442e+09
2012-03-01 19:28:05,3.40718e+07
2012-03-01 19:29:04,1.05689e+09
2012-03-01 19:30:05,1.9312e+09
2012-03-01 19:31:05,2.86013e+09
2012-03-01 19:32:05,3.89978e+09
2012-03-01 19:33:04,5.04875e+08
2012-03-01 19:34:05,1.5652e+09
2012-03-01 19:35:05,2.68921e+09
2012-03-01 19:36:04,3.67496e+09
2012-03-01 19:37:05,3.793e+08
2012-03-01 19:38:05,1.41714e+09
2012-03-01 19:39:04,2.47912e+09
2012-03-01 19:40:06,3.51146e+09
2012-03-01 19:41:05,2.98666e+08
2012-03-01 19:42:04,1.27649e+09
2012-03-01 19:43:04,2.32727e+09
2012-03-01 19:44:05,3.40778e+09
2012-03-01 19:45:04,2.55718e+08
2012-03-01 19:46:05,1.3397e+09
2012-03-01 19:47:04,2.38767e+09
2012-03-01 19:48:05,3.43153e+09
2012-03-01 19:49:04,1.86488e+08
2012-03-01 19:50:05,1.22588e+09
2012-03-01 19:51:04,2.33527e+09
2012-03-01 19:52:05,3.28985e+09
2012-03-01 19:53:05,1.17266e+08
2012-03-01 19:54:05,1.14267e+09
2012-03-01 19:55:05,2.18048e+09
2012-03-01 19:56:05,3.29533e+09
2012-03-01 19:57:04,1.66116e+08
2012-03-01 19:58:05,1.3005e+09
2012-03-01 19:59:04,2.42329e+09
2012-03-01 20:00:05,3.6315e+09
2012-03-01 20:01:05,4.75689e+08
2012-03-01 20:02:04,1.57131e+09
2012-03-01 20:03:05,2.73701e+09
2012-03-01 20:04:05,3.86425e+09
2012-03-01 20:05:05,6.89893e+08
2012-03-01 20:06:05,1.83537e+09
2012-03-01 20:07:05,2.97477e+09
2012-03-01 20:08:04,4.15744e+09
2012-03-01 20:09:06,1.08709e+09
2012-03-01 20:10:05,2.22368e+09
2012-03-01 20:11:04,3.33666e+09
2012-03-01 20:12:05,2.35353e+08
2012-03-01 20:13:05,1.32911e+09
2012-03-01 20:14:04,2.51733e+09
2012-03-01 20:15:05,3.63849e+09
2012-03-01 20:16:05,5.57263e+08
2012-03-01 20:17:04,1.78571e+09
2012-03-01 20:18:05,2.95749e+09
2012-03-01 20:19:04,4.05874e+09
2012-03-01 20:20:05,9.25142e+08
2012-03-01 20:21:05,2.14471e+09
2012-03-01 20:22:04,3.31247e+09
2012-03-01 20:23:05,1.8692e+08
2012-03-01 20:24:05,1.45834e+09
2012-03-01 20:25:04,2.72542e+09
2012-03-01 20:26:05,3.95868e+09
2012-03-01 20:27:04,8.48958e+08
2012-03-01 20:28:05,2.05657e+09
2012-03-01 20:29:05,3.17877e+09
2012-03-01 20:30:05,1.38674e+08
2012-03-01 20:31:05,1.35116e+09
2012-03-01 20:32:05,2.49928e+09
2012-03-01 20:33:05,3.63704e+09
2012-03-01 20:34:05,5.41291e+08
2012-03-01 20:35:05,1.79652e+09
2012-03-01 20:36:04,3.06474e+09
2012-03-01 20:37:05,1.66147e+08
2012-03-01 20:38:04,1.38147e+09
2012-03-01 20:39:04,2.58468e+09
2012-03-01 20:40:05,3.8514e+09
2012-03-01 20:41:05,7.0054e+08
2012-03-01 20:42:05,1.92355e+09
2012-03-01 20:43:04,3.19394e+09
2012-03-01 20:44:04,1.38189e+08
2012-03-01 20:45:06,1.50523e+09
2012-03-01 20:46:05,2.77559e+09
2012-03-01 20:47:04,4.02144e+09
2012-03-01 20:48:04,1.05469e+09
2012-03-01 20:49:04,2.39341e+09
2012-03-01 20:50:05,3.64151e+09
2012-03-01 20:51:05,6.78942e+08
2012-03-01 20:52:05,1.84005e+09
2012-03-01 20:53:07,3.0718e+09
2012-03-01 20:54:04,4.25214e+09
2012-03-01 20:55:05,1.30639e+09
2012-03-01 20:56:06,2.56497e+09
2012-03-01 20:57:05,3.80356e+09
2012-03-01 20:58:04,7.30086e+08
2012-03-01 20:59:05,1.99523e+09
2012-03-01 21:00:05,3.26553e+09
2012-03-01 21:01:05,1.73349e+08
2012-03-01 21:02:05,1.30652e+09
2012-03-01 21:03:05,2.4715e+09
2012-03-01 21:04:04,3.62174e+09
2012-03-01 21:05:05,4.57414e+08
2012-03-01 21:06:05,1.7005e+09
2012-03-01 21:07:05,2.86131e+09
2012-03-01 21:08:05,3.93338e+09
2012-03-01 21:09:05,7.58975e+08
2012-03-01 21:10:05,1.91874e+09
2012-03-01 21:11:05,3.10052e+09
2012-03-01 21:12:05,6.0191e+07
2012-03-01 21:13:05,1.20397e+09
2012-03-01 21:14:05,2.41096e+09
2012-03-01 21:15:05,3.52941e+09
2012-03-01 21:16:05,4.51413e+08
2012-03-01 21:17:05,1.74532e+09
2012-03-01 21:18:05,2.95911e+09
2012-03-01 21:19:04,4.21429e+09
2012-03-01 21:20:05,1.2015e+09
2012-03-01 21:21:05,2.44757e+09
2012-03-01 21:22:05,3.6444e+09
2012-03-01 21:23:04,5.59274e+08
2012-03-01 21:24:05,1.8868e+09
2012-03-01 21:25:05,3.03496e+09
2012-03-01 21:26:04,4.22066e+09
2012-03-01 21:27:05,1.09115e+09
2012-03-01 21:28:05,2.19177e+09
2012-03-01 21:29:05,3.41613e+09
2012-03-01 21:30:05,4.62835e+08
2012-03-01 21:31:05,1.65527e+09
2012-03-01 21:32:05,2.83763e+09
2012-03-01 21:33:04,4.07256e+09
2012-03-01 21:34:05,9.66775e+08
2012-03-01 21:35:04,2.20193e+09
2012-03-01 21:36:04,3.31267e+09
2012-03-01 21:37:05,1.61078e+08
2012-03-01 21:38:04,1.32502e+09
2012-03-01 21:39:04,2.50325e+09
2012-03-01 21:40:05,3.76903e+09
2012-03-01 21:41:05,5.97505e+08
2012-03-01 21:42:05,1.70413e+09
2012-03-01 21:43:05,2.82766e+09
2012-03-01 21:44:05,3.97668e+09
2012-03-01 21:45:04,8.09073e+08
2012-03-01 21:46:05,2.00542e+09
2012-03-01 21:47:05,3.15061e+09
2012-03-01 21:48:05,5.48794e+07
2012-03-01 21:49:05,1.3096e+09
2012-03-01 21:50:05,2.46887e+09
2012-03-01 21:51:05,3.61824e+09
2012-03-01 21:52:05,5.55957e+08
2012-03-01 21:53:05,1.65879e+09
2012-03-01 21:54:05,2.80225e+09
2012-03-01 21:55:04,3.74854e+09
2012-03-01 21:56:05,5.97242e+08
2012-03-01 21:57:05,1.67463e+09
2012-03-01 21:58:05,2.68777e+09
2012-03-01 21:59:04,3.71825e+09
2012-03-01 22:00:04,4.49221e+08
2012-03-01 22:01:05,1.53065e+09
2012-03-01 22:02:05,2.5638e+09
2012-03-01 22:03:05,3.53476e+09
2012-03-01 22:04:05,1.4758e+08
2012-03-01 22:05:05,1.18027e+09
2012-03-01 22:06:05,2.17405e+09
2012-03-01 22:07:05,3.14998e+09
2012-03-01 22:08:05,4.16627e+09
2012-03-01 22:09:05,8.76436e+08
2012-03-01 22:10:05,1.77869e+09
2012-03-01 22:11:05,2.63455e+09
2012-03-01 22:12:04,3.59809e+09
2012-03-01 22:13:05,2.5668e+08
2012-03-01 22:14:04,1.22847e+09
2012-03-01 22:15:06,2.08272e+09
2012-03-01 22:16:05,2.92926e+09
2012-03-01 22:17:05,3.76264e+09
2012-03-01 22:18:05,3.8003e+08
2012-03-01 22:19:05,1.27502e+09
2012-03-01 22:20:04,2.18838e+09
2012-03-01 22:21:04,2.94688e+09
2012-03-01 22:22:05,3.77837e+09
2012-03-01 22:23:05,3.96428e+08
2012-03-01 22:24:04,1.21399e+09
2012-03-01 22:25:08,2.09964e+09
2012-03-01 22:26:04,2.83138e+09
2012-03-01 22:27:05,3.70667e+09
2012-03-01 22:28:04,1.15142e+08
2012-03-01 22:29:05,9.31755e+08
2012-03-01 22:30:05,1.72198e+09
2012-03-01 22:31:04,2.58348e+09
2012-03-01 22:32:05,3.37498e+09
2012-03-01 22:33:04,4.25245e+09
2012-03-01 22:34:05,8.04287e+08
2012-03-01 22:35:05,1.50316e+09
2012-03-01 22:36:05,2.30498e+09
2012-03-01 22:37:04,3.0453e+09
2012-03-01 22:38:05,3.79209e+09
2012-03-01 22:39:05,2.68139e+08
2012-03-01 22:40:04,9.63543e+08
2012-03-01 22:41:05,1.65866e+09
2012-03-01 22:42:05,2.38113e+09
2012-03-01 22:43:04,3.11612e+09
2012-03-01 22:44:05,3.89249e+09
2012-03-01 22:45:04,3.41101e+08
2012-03-01 22:46:05,1.06018e+09
2012-03-01 22:47:04,1.8038e+09
2012-03-01 22:48:05,2.50199e+09
2012-03-01 22:49:05,3.17854e+09
2012-03-01 22:50:04,3.91213e+09
2012-03-01 22:51:05,2.58468e+08
2012-03-01 22:52:05,8.78414e+08
2012-03-01 22:53:05,1.50029e+09
2012-03-01 22:54:05,2.14971e+09
2012-03-01 22:55:05,2.79466e+09
2012-03-01 22:56:04,3.43706e+09
2012-03-01 22:57:05,4.07173e+09
2012-03-01 22:58:05,4.51133e+08
2012-03-01 22:59:05,1.12343e+09
2012-03-01 23:00:05,1.69828e+09
2012-03-01 23:01:05,2.24934e+09
2012-03-01 23:02:05,2.84917e+09
2012-03-01 23:03:05,3.39093e+09
2012-03-01 23:04:05,3.95023e+09
2012-03-01 23:05:04,2.43048e+08
2012-03-01 23:06:05,8.28609e+08
2012-03-01 23:07:05,1.40007e+09
2012-03-01 23:08:05,1.99396e+09
2012-03-01 23:09:04,2.48639e+09
2012-03-01 23:10:04,3.01159e+09
2012-03-01 23:11:04,3.51092e+09
2012-03-01 23:12:05,4.00701e+09
2012-03-01 23:13:04,1.87033e+08
2012-03-01 23:14:05,7.53289e+08
2012-03-01 23:15:04,1.24814e+09
2012-03-01 23:16:05,1.74271e+09
2012-03-01 23:17:05,2.18743e+09
2012-03-01 23:18:05,2.68737e+09
2012-03-01 23:19:04,3.08858e+09
2012-03-01 23:20:05,3.49777e+09
2012-03-01 23:21:05,3.98541e+09
2012-03-01 23:22:04,1.41432e+08
2012-03-01 23:23:05,5.49791e+08
2012-03-01 23:24:05,1.00389e+09
2012-03-01 23:25:05,1.35878e+09
2012-03-01 23:26:04,1.7503e+09
2012-03-01 23:27:05,2.23408e+09
2012-03-01 23:28:05,2.62719e+09
2012-03-01 23:29:05,3.03056e+09
2012-03-01 23:30:05,3.46108e+09
2012-03-01 23:31:04,3.81421e+09
2012-03-01 23:32:05,4.2026e+09
2012-03-01 23:33:05,2.82785e+08
2012-03-01 23:34:04,6.52005e+08
2012-03-01 23:35:05,1.03754e+09
2012-03-01 23:36:05,1.42555e+09
2012-03-01 23:37:05,1.79582e+09
2012-03-01 23:38:04,2.1594e+09
2012-03-01 23:39:06,2.4977e+09
2012-03-01 23:40:04,2.8174e+09
2012-03-01 23:41:05,3.1997e+09
2012-03-01 23:42:05,3.54012e+09
2012-03-01 23:43:04,3.88768e+09
2012-03-01 23:44:05,2.25794e+06
2012-03-01 23:45:04,2.97714e+08
2012-03-01 23:46:04,5.63565e+08
2012-03-01 23:47:04,8.79452e+08
2012-03-01 23:48:04,1.16137e+09
2012-03-01 23:49:05,1.42001e+09
2012-03-01 23:50:05,1.70603e+09
2012-03-01 23:51:05,1.98263e+09
2012-03-01 23:52:04,2.21158e+09
2012-03-01 23:53:05,2.4957e+09
2012-03-01 23:54:05,2.77821e+09
2012-03-01 23:55:04,3.05528e+09
2012-03-01 23:56:05,3.26142e+09
2012-03-01 23:57:04,3.49944e+09
2012-03-01 23:58:04,3.7227e+09
2012-03-01 23:59:05,3.98699e+09
